{"h": 0.00010000333344444814, "ITER": 0, "gd": 0.8203694187734222, "pc": 0.4410239189931259, "expt": "object-tracking"}