{"h": 0.00010000333344444814, "ITER": 4, "gd": 0.9784656307408606, "pc": 0.31158135777096374, "expt": "regression"}