{"h": 0.004310344827586207, "ITER": 4, "gd": 1.3244000627014831, "pc": 0.6339744636111163, "expt": "object-tracking"}