{"h": 0.00017114495978093444, "ITER": 2, "gd": 0.8745244748129697, "pc": 0.4697490068902772, "expt": "object-tracking"}