{"h": 0.000501336898395722, "ITER": 7, "gd": 1.0006230706577368, "pc": 0.48589454554246797, "expt": "object-tracking"}