{"h": 0.00029291154071470416, "ITER": 6, "gd": 1.1892441095230764, "pc": 0.374563029311097, "expt": "regression"}