{"h": 0.00017114495978093444, "ITER": 9, "gd": 1.0709215878567488, "pc": 0.3360653454538052, "expt": "regression"}