{"h": 0.00010000333344444814, "ITER": 2, "gd": 0.9683839563453931, "pc": 0.2764474774940662, "expt": "regression"}