{"h": 0.004310344827586207, "ITER": 8, "gd": 1.336308844031851, "pc": 0.6214421410967171, "expt": "object-tracking"}