{"h": 0.012658227848101266, "ITER": 4, "gd": 2.1870887951632643, "pc": 0.9025492598509199, "expt": "regression"}