{"h": 0.002514668901927913, "ITER": 6, "gd": 1.7647113061693085, "pc": 0.6788192334090674, "expt": "regression"}