{"h": 0.00010000333344444814, "ITER": 3, "gd": 0.9773634984143346, "pc": 0.29826496342024034, "expt": "regression"}