{"h": 0.012658227848101266, "ITER": 2, "gd": 2.14992741209728, "pc": 0.9918055077201572, "expt": "regression"}