{"h": 0.007389162561576354, "ITER": 5, "gd": 1.853760802259212, "pc": 0.8622358531141625, "expt": "regression"}