{"h": 0.00029291154071470416, "ITER": 5, "gd": 1.188059701199143, "pc": 0.3604929977888662, "expt": "regression"}