{"h": 0.000501336898395722, "ITER": 5, "gd": 1.3163678348983499, "pc": 0.4082544419253705, "expt": "regression"}