{"h": 0.0008581235697940503, "ITER": 9, "gd": 1.449637259425408, "pc": 0.5165252935877487, "expt": "regression"}