{"h": 0.0008581235697940503, "ITER": 1, "gd": 1.0927963927318927, "pc": 0.49804204425158766, "expt": "object-tracking"}