{"h": 0.00017114495978093444, "ITER": 1, "gd": 1.0879191719498442, "pc": 0.38466597866841445, "expt": "regression"}