{"h": 0.002514668901927913, "ITER": 4, "gd": 1.2491047944071987, "pc": 0.5630009168686496, "expt": "object-tracking"}