{"h": 0.0008581235697940503, "ITER": 5, "gd": 1.1005785689804963, "pc": 0.49675817133794126, "expt": "object-tracking"}