{"h": 0.00029291154071470416, "ITER": 9, "gd": 1.1996237289912828, "pc": 0.3856225208438702, "expt": "regression"}