{"h": 0.0008581235697940503, "ITER": 4, "gd": 1.0851190459288336, "pc": 0.5023404914488313, "expt": "object-tracking"}