{"h": 0.000501336898395722, "ITER": 8, "gd": 1.0038029403695925, "pc": 0.48249504086285955, "expt": "object-tracking"}