{"h": 0.00017114495978093444, "ITER": 5, "gd": 0.8762976646972711, "pc": 0.4687839443904715, "expt": "object-tracking"}