{"h": 0.012658227848101266, "ITER": 0, "gd": 2.2360152856336306, "pc": 1.0747744632472522, "expt": "regression"}