{"h": 0.00029291154071470416, "ITER": 2, "gd": 1.197034983999897, "pc": 0.40198584403657306, "expt": "regression"}