{"h": 0.007389162561576354, "ITER": 5, "gd": 1.4148894811326378, "pc": 0.68387736960123, "expt": "object-tracking"}