{"h": 0.00010000333344444814, "ITER": 9, "gd": 0.9797560525348156, "pc": 0.2825631806879524, "expt": "regression"}