{"h": 0.0014691478942213516, "ITER": 7, "gd": 1.5915432841470494, "pc": 0.5368988334988046, "expt": "regression"}