{"h": 0.007389162561576354, "ITER": 4, "gd": 1.4064168084053346, "pc": 0.6819823994431273, "expt": "object-tracking"}