{"h": 0.012658227848101266, "ITER": 7, "gd": 1.4665563397987107, "pc": 0.7494944023330868, "expt": "object-tracking"}