{"h": 0.0014691478942213516, "ITER": 5, "gd": 1.1786106068836084, "pc": 0.5224289871623723, "expt": "object-tracking"}