{"h": 0.00029291154071470416, "ITER": 7, "gd": 0.9351806596420165, "pc": 0.4745758291192783, "expt": "object-tracking"}