{"h": 0.007389162561576354, "ITER": 2, "gd": 1.4200077649210094, "pc": 0.6805988201710103, "expt": "object-tracking"}