{"h": 0.000501336898395722, "ITER": 7, "gd": 1.3044344034777142, "pc": 0.45543978733066387, "expt": "regression"}