{"h": 0.002514668901927913, "ITER": 0, "gd": 1.2558332152785128, "pc": 0.5707740065439608, "expt": "object-tracking"}