{"h": 0.00029291154071470416, "ITER": 4, "gd": 1.1988228764841298, "pc": 0.42971760333555, "expt": "regression"}