{"h": 0.00029291154071470416, "ITER": 3, "gd": 0.936376029597881, "pc": 0.47601741922766794, "expt": "object-tracking"}