{"h": 0.002514668901927913, "ITER": 3, "gd": 1.2556769947794273, "pc": 0.5705495718011402, "expt": "object-tracking"}