{"h": 0.0014691478942213516, "ITER": 2, "gd": 1.5825070000270103, "pc": 0.5883340612324011, "expt": "regression"}