{"h": 0.000501336898395722, "ITER": 1, "gd": 0.999342963127599, "pc": 0.4834388064958504, "expt": "object-tracking"}