{"h": 0.00029291154071470416, "ITER": 7, "gd": 1.187300976922583, "pc": 0.4248359241468595, "expt": "regression"}