{"h": 0.0008581235697940503, "ITER": 8, "gd": 1.4616212360245135, "pc": 0.5529998940290413, "expt": "regression"}