{"h": 0.004310344827586207, "ITER": 2, "gd": 1.3413321492311747, "pc": 0.6285941001051422, "expt": "object-tracking"}