{"h": 0.00029291154071470416, "ITER": 0, "gd": 1.1724779925307869, "pc": 0.37743292866998335, "expt": "regression"}