{"h": 0.0008581235697940503, "ITER": 3, "gd": 1.4564770310474346, "pc": 0.5205979445805392, "expt": "regression"}