{"h": 0.0014691478942213516, "ITER": 9, "gd": 1.5998229471379346, "pc": 0.5864131418208711, "expt": "regression"}