{"h": 0.012658227848101266, "ITER": 3, "gd": 2.1540749898416194, "pc": 1.0565922616766785, "expt": "regression"}