{"h": 0.0008581235697940503, "ITER": 4, "gd": 1.4500221063843588, "pc": 0.5387898364067906, "expt": "regression"}