{"h": 0.000501336898395722, "ITER": 2, "gd": 1.3051231366641036, "pc": 0.4756017228983385, "expt": "regression"}