{"h": 0.0008581235697940503, "ITER": 7, "gd": 1.4344581946160495, "pc": 0.4972532977985995, "expt": "regression"}