{"h": 0.007389162561576354, "ITER": 1, "gd": 1.4123185415249793, "pc": 0.7040471207543277, "expt": "object-tracking"}