{"h": 0.0008581235697940503, "ITER": 6, "gd": 1.4435734661317101, "pc": 0.48747689910252223, "expt": "regression"}