{"h": 0.012658227848101266, "ITER": 1, "gd": 1.4740796575863855, "pc": 0.7762184428067336, "expt": "object-tracking"}