{"h": 0.012658227848101266, "ITER": 9, "gd": 1.4769740936464133, "pc": 0.7773757284985606, "expt": "object-tracking"}