{"h": 0.00010000333344444814, "ITER": 4, "gd": 0.8208706304449772, "pc": 0.46566534299876694, "expt": "object-tracking"}