{"h": 0.00017114495978093444, "ITER": 4, "gd": 1.0739346006030819, "pc": 0.373028944602549, "expt": "regression"}