{"h": 0.002514668901927913, "ITER": 9, "gd": 1.7614366189310828, "pc": 0.7082052661289538, "expt": "regression"}