{"h": 0.002514668901927913, "ITER": 4, "gd": 1.716048765930117, "pc": 0.6249685524512746, "expt": "regression"}