{"h": 0.000501336898395722, "ITER": 8, "gd": 1.327918849186114, "pc": 0.474097522938099, "expt": "regression"}