{"h": 0.007389162561576354, "ITER": 2, "gd": 1.9959815139143755, "pc": 0.9677670091280959, "expt": "regression"}