{"h": 0.007389162561576354, "ITER": 8, "gd": 1.411681291031208, "pc": 0.6860717644613553, "expt": "object-tracking"}