{"h": 0.0014691478942213516, "ITER": 6, "gd": 1.5888115654013315, "pc": 0.5627991570500874, "expt": "regression"}