{"h": 0.00010000333344444814, "ITER": 6, "gd": 0.8224675146479838, "pc": 0.4664983946821952, "expt": "object-tracking"}