{"h": 0.002514668901927913, "ITER": 6, "gd": 1.2598910717235638, "pc": 0.5780331044170617, "expt": "object-tracking"}