{"h": 0.00010000333344444814, "ITER": 5, "gd": 0.822337040606844, "pc": 0.4671501820029132, "expt": "object-tracking"}