{"h": 0.012658227848101266, "ITER": 4, "gd": 1.466133034605283, "pc": 0.7575833614972046, "expt": "object-tracking"}