{"h": 0.00017114495978093444, "ITER": 7, "gd": 0.8779324488362785, "pc": 0.4681817492218108, "expt": "object-tracking"}