{"h": 0.004310344827586207, "ITER": 7, "gd": 1.3344205790570385, "pc": 0.6282037806150771, "expt": "object-tracking"}