{"h": 0.00017114495978093444, "ITER": 6, "gd": 1.07591953269057, "pc": 0.33748380005494205, "expt": "regression"}