{"h": 0.0008581235697940503, "ITER": 7, "gd": 1.0865114526749524, "pc": 0.5080554218439978, "expt": "object-tracking"}