{"h": 0.00010000333344444814, "ITER": 8, "gd": 0.9677782235428435, "pc": 0.273392070540288, "expt": "regression"}