{"h": 0.00029291154071470416, "ITER": 3, "gd": 1.1922364993930414, "pc": 0.3968813478722376, "expt": "regression"}