{"h": 0.004310344827586207, "ITER": 4, "gd": 1.9247585450683318, "pc": 0.7581329238528263, "expt": "regression"}