{"h": 0.000501336898395722, "ITER": 9, "gd": 1.3291785512692145, "pc": 0.44821806683150295, "expt": "regression"}