{"h": 0.0014691478942213516, "ITER": 3, "gd": 1.627373859512311, "pc": 0.5916531975962698, "expt": "regression"}