{"h": 0.000501336898395722, "ITER": 4, "gd": 1.3277752185667382, "pc": 0.4887685174289326, "expt": "regression"}