{"h": 0.000501336898395722, "ITER": 6, "gd": 1.3168179597458938, "pc": 0.4372239884056966, "expt": "regression"}