{"h": 0.002514668901927913, "ITER": 8, "gd": 1.7060182640537171, "pc": 0.709584835793451, "expt": "regression"}