{"h": 0.012658227848101266, "ITER": 0, "gd": 1.4677510659240023, "pc": 0.7942199323389572, "expt": "object-tracking"}