{"h": 0.0008581235697940503, "ITER": 5, "gd": 1.4374482259996444, "pc": 0.45457186267013316, "expt": "regression"}