{"h": 0.004310344827586207, "ITER": 2, "gd": 1.8982809156111853, "pc": 0.782178638614664, "expt": "regression"}