{"h": 0.007389162561576354, "ITER": 6, "gd": 1.4263310394035873, "pc": 0.7016032446639643, "expt": "object-tracking"}