{"h": 0.007389162561576354, "ITER": 0, "gd": 1.9220730646631712, "pc": 0.946399765189623, "expt": "regression"}