{"h": 0.00010000333344444814, "ITER": 6, "gd": 0.9745220558778421, "pc": 0.28937589749432896, "expt": "regression"}