{"h": 0.012658227848101266, "ITER": 6, "gd": 2.2064126712970626, "pc": 1.0597708515470992, "expt": "regression"}