{"h": 0.0008581235697940503, "ITER": 2, "gd": 1.089621305769778, "pc": 0.5012498937693519, "expt": "object-tracking"}