{"h": 0.0014691478942213516, "ITER": 6, "gd": 1.1711123923502886, "pc": 0.5212845287107206, "expt": "object-tracking"}