{"h": 0.00017114495978093444, "ITER": 0, "gd": 1.0753991237277445, "pc": 0.33277148519245253, "expt": "regression"}