{"h": 0.00017114495978093444, "ITER": 1, "gd": 0.8784959498408399, "pc": 0.46827993676348084, "expt": "object-tracking"}