{"h": 0.00010000333344444814, "ITER": 1, "gd": 0.8216608453650253, "pc": 0.4660400762901873, "expt": "object-tracking"}