{"h": 0.00010000333344444814, "ITER": 1, "gd": 0.97777010340428, "pc": 0.3312651103876275, "expt": "regression"}