{"h": 0.00017114495978093444, "ITER": 3, "gd": 0.8713110351439425, "pc": 0.4645418020446818, "expt": "object-tracking"}