{"h": 0.007389162561576354, "ITER": 3, "gd": 2.040048076960973, "pc": 0.8999991233774812, "expt": "regression"}