{"h": 0.00017114495978093444, "ITER": 9, "gd": 0.8736839772605854, "pc": 0.4689279837235836, "expt": "object-tracking"}