{"h": 0.00029291154071470416, "ITER": 4, "gd": 0.9362993926848945, "pc": 0.47509286669656453, "expt": "object-tracking"}