{"h": 0.012658227848101266, "ITER": 7, "gd": 2.21546960663993, "pc": 0.9546623614368575, "expt": "regression"}