{"h": 0.00017114495978093444, "ITER": 8, "gd": 1.0860833350161416, "pc": 0.33309430022321485, "expt": "regression"}