{"h": 0.012658227848101266, "ITER": 1, "gd": 2.166575466003838, "pc": 0.9304149908264395, "expt": "regression"}