{"h": 0.000501336898395722, "ITER": 3, "gd": 1.3231841576833516, "pc": 0.4449963920581136, "expt": "regression"}