{"h": 0.004310344827586207, "ITER": 6, "gd": 1.9471022497053527, "pc": 0.8697210040749614, "expt": "regression"}