{"h": 0.00029291154071470416, "ITER": 8, "gd": 0.9327163784134426, "pc": 0.4737848867492325, "expt": "object-tracking"}