{"h": 0.000501336898395722, "ITER": 0, "gd": 1.2976440515171213, "pc": 0.42850244331353826, "expt": "regression"}