{"h": 0.002514668901927913, "ITER": 8, "gd": 1.2621247823522186, "pc": 0.5783756601398458, "expt": "object-tracking"}