{"h": 0.004310344827586207, "ITER": 7, "gd": 1.9704904196310007, "pc": 0.8023508482378859, "expt": "regression"}