{"h": 0.000501336898395722, "ITER": 2, "gd": 1.0116567139955264, "pc": 0.48509318517745276, "expt": "object-tracking"}