{"h": 0.00010000333344444814, "ITER": 0, "gd": 0.82219140210076, "pc": 0.4639570150336876, "expt": "object-tracking"}