{"h": 0.007389162561576354, "ITER": 1, "gd": 2.0748104951107242, "pc": 0.9266703059495998, "expt": "regression"}