{"h": 0.007389162561576354, "ITER": 3, "gd": 1.4183740155871374, "pc": 0.694447357658949, "expt": "object-tracking"}