{"h": 0.00010000333344444814, "ITER": 8, "gd": 0.8221899206407176, "pc": 0.46698308882822254, "expt": "object-tracking"}