{"h": 0.004310344827586207, "ITER": 0, "gd": 1.3168125109512963, "pc": 0.6368175298333414, "expt": "object-tracking"}