{"h": 0.012658227848101266, "ITER": 2, "gd": 1.4679738475294428, "pc": 0.753347277991063, "expt": "object-tracking"}