{"h": 0.002514668901927913, "ITER": 0, "gd": 1.7806688656918452, "pc": 0.6652566154664219, "expt": "regression"}