{"h": 0.000501336898395722, "ITER": 5, "gd": 1.006036947379651, "pc": 0.4876521956907782, "expt": "object-tracking"}