{"h": 0.00029291154071470416, "ITER": 1, "gd": 0.9331046791292149, "pc": 0.47708598039979866, "expt": "object-tracking"}