{"h": 0.004310344827586207, "ITER": 9, "gd": 1.341014934834407, "pc": 0.6205391105429625, "expt": "object-tracking"}