{"h": 0.0014691478942213516, "ITER": 4, "gd": 1.170426233138001, "pc": 0.530156301464407, "expt": "object-tracking"}