{"h": 0.004310344827586207, "ITER": 1, "gd": 1.941783397297236, "pc": 0.7810147531684948, "expt": "regression"}