{"h": 0.00010000333344444814, "ITER": 5, "gd": 0.972065550644187, "pc": 0.29628838981463523, "expt": "regression"}