{"h": 0.002514668901927913, "ITER": 1, "gd": 1.7623643308745878, "pc": 0.7122184225352131, "expt": "regression"}