{"h": 0.0014691478942213516, "ITER": 1, "gd": 1.5838750991225854, "pc": 0.6216474890662478, "expt": "regression"}