{"h": 0.004310344827586207, "ITER": 1, "gd": 1.331362555761697, "pc": 0.6428630627646518, "expt": "object-tracking"}