{"h": 0.004310344827586207, "ITER": 6, "gd": 1.336863655326385, "pc": 0.635008619070345, "expt": "object-tracking"}