{"h": 0.012658227848101266, "ITER": 8, "gd": 1.475322946050956, "pc": 0.7525404307572657, "expt": "object-tracking"}