{"h": 0.00010000333344444814, "ITER": 0, "gd": 0.9751863216234447, "pc": 0.29823761023135287, "expt": "regression"}