{"h": 0.012658227848101266, "ITER": 9, "gd": 2.214624406612153, "pc": 1.0299123310048213, "expt": "regression"}