{"h": 0.00017114495978093444, "ITER": 0, "gd": 0.8772826544566051, "pc": 0.4697925548507248, "expt": "object-tracking"}