{"h": 0.00010000333344444814, "ITER": 7, "gd": 0.9718038112666567, "pc": 0.3212831781614326, "expt": "regression"}