{"h": 0.00029291154071470416, "ITER": 2, "gd": 0.9398458995497856, "pc": 0.4735808681717262, "expt": "object-tracking"}