{"h": 0.0008581235697940503, "ITER": 1, "gd": 1.450532000275517, "pc": 0.5683361289244894, "expt": "regression"}