{"h": 0.0014691478942213516, "ITER": 9, "gd": 1.1741977518366693, "pc": 0.5252164182435205, "expt": "object-tracking"}