{"h": 0.002514668901927913, "ITER": 1, "gd": 1.2501396042189181, "pc": 0.5710115940234899, "expt": "object-tracking"}