{"h": 0.0014691478942213516, "ITER": 8, "gd": 1.6132846446149463, "pc": 0.6321038531102522, "expt": "regression"}