{"h": 0.007389162561576354, "ITER": 9, "gd": 2.0136739738152136, "pc": 0.8719166249381407, "expt": "regression"}