{"h": 0.000501336898395722, "ITER": 0, "gd": 1.004723345029537, "pc": 0.48488928669854303, "expt": "object-tracking"}