{"h": 0.0008581235697940503, "ITER": 2, "gd": 1.4323512167728094, "pc": 0.5290138331715643, "expt": "regression"}