{"h": 0.00029291154071470416, "ITER": 1, "gd": 1.20658301536795, "pc": 0.44308970137241294, "expt": "regression"}