{"h": 0.004310344827586207, "ITER": 5, "gd": 2.0338065367728904, "pc": 0.8511672054036831, "expt": "regression"}