{"h": 0.00010000333344444814, "ITER": 3, "gd": 0.8211155418848467, "pc": 0.46804306824162484, "expt": "object-tracking"}