{"h": 0.007389162561576354, "ITER": 7, "gd": 1.4221572211965243, "pc": 0.6826419301852625, "expt": "object-tracking"}