{"h": 0.002514668901927913, "ITER": 3, "gd": 1.7894319400355903, "pc": 0.7305820935411821, "expt": "regression"}