{"h": 0.0014691478942213516, "ITER": 3, "gd": 1.1716850333919817, "pc": 0.5265561232527833, "expt": "object-tracking"}