{"h": 0.00017114495978093444, "ITER": 6, "gd": 0.8766899456011628, "pc": 0.467060696478102, "expt": "object-tracking"}