{"h": 0.0014691478942213516, "ITER": 4, "gd": 1.5722837109370345, "pc": 0.5791899864547999, "expt": "regression"}