{"h": 0.002514668901927913, "ITER": 5, "gd": 1.8325168893184371, "pc": 0.6814450556093851, "expt": "regression"}