{"h": 0.00029291154071470416, "ITER": 5, "gd": 0.9369498138011128, "pc": 0.4750994216284783, "expt": "object-tracking"}