{"h": 0.004310344827586207, "ITER": 5, "gd": 1.3385807401641205, "pc": 0.6285544626399365, "expt": "object-tracking"}