{"h": 0.0008581235697940503, "ITER": 6, "gd": 1.09223405660138, "pc": 0.49603710479772345, "expt": "object-tracking"}