{"h": 0.00017114495978093444, "ITER": 7, "gd": 1.0822581420856703, "pc": 0.3658316351903097, "expt": "regression"}