{"h": 0.00017114495978093444, "ITER": 2, "gd": 1.0825610243244284, "pc": 0.33291391572478674, "expt": "regression"}