{"h": 0.002514668901927913, "ITER": 7, "gd": 1.2627040928664046, "pc": 0.5668614226825934, "expt": "object-tracking"}