{"h": 0.0014691478942213516, "ITER": 0, "gd": 1.607617704389307, "pc": 0.5376850278021258, "expt": "regression"}