{"h": 0.0008581235697940503, "ITER": 0, "gd": 1.4373330549270273, "pc": 0.4642991581999249, "expt": "regression"}