{"h": 0.002514668901927913, "ITER": 7, "gd": 1.7626952593306526, "pc": 0.5886519061045441, "expt": "regression"}