{"h": 0.000501336898395722, "ITER": 4, "gd": 1.005557574971533, "pc": 0.48331146862899255, "expt": "object-tracking"}