{"h": 0.004310344827586207, "ITER": 9, "gd": 1.9118725864250359, "pc": 0.8287760342503082, "expt": "regression"}