{"h": 0.00029291154071470416, "ITER": 6, "gd": 0.9387653926124132, "pc": 0.474343559926952, "expt": "object-tracking"}