{"h": 0.007389162561576354, "ITER": 8, "gd": 2.056263151139311, "pc": 0.9409772130227412, "expt": "regression"}