{"h": 0.00010000333344444814, "ITER": 7, "gd": 0.8213564495504782, "pc": 0.46726878455084747, "expt": "object-tracking"}