{"h": 0.00017114495978093444, "ITER": 4, "gd": 0.8722562059416481, "pc": 0.467248692903075, "expt": "object-tracking"}