{"h": 0.007389162561576354, "ITER": 0, "gd": 1.4091863182054312, "pc": 0.7047147040380789, "expt": "object-tracking"}