{"h": 0.0008581235697940503, "ITER": 9, "gd": 1.0901967159575225, "pc": 0.5036096597525059, "expt": "object-tracking"}