{"h": 0.00010000333344444814, "ITER": 3, "gd": 0.8209352605373295, "pc": 0.44108474581262913, "expt": "object-tracking"}