{"h": 0.007389162561576354, "ITER": 6, "gd": 1.8877837182615405, "pc": 0.9369611400603174, "expt": "regression"}