{"h": 0.0008581235697940503, "ITER": 8, "gd": 1.0844239979378294, "pc": 0.5017831430432045, "expt": "object-tracking"}