{"h": 0.00010000333344444814, "ITER": 9, "gd": 0.8244963479312436, "pc": 0.46833642133115966, "expt": "object-tracking"}