{"h": 0.0014691478942213516, "ITER": 7, "gd": 1.183223156727238, "pc": 0.5256976956264134, "expt": "object-tracking"}