{"h": 0.007389162561576354, "ITER": 7, "gd": 1.94551905178309, "pc": 0.9802202164342645, "expt": "regression"}