{"h": 0.004310344827586207, "ITER": 8, "gd": 1.886181907986316, "pc": 0.7508597988506395, "expt": "regression"}