{"h": 0.0014691478942213516, "ITER": 5, "gd": 1.611330910209249, "pc": 0.5480686231908528, "expt": "regression"}