{"h": 0.000501336898395722, "ITER": 6, "gd": 1.0133176718601302, "pc": 0.4863903138465409, "expt": "object-tracking"}