{"h": 0.00017114495978093444, "ITER": 3, "gd": 1.08473420023193, "pc": 0.3388264258364923, "expt": "regression"}