{"h": 0.0014691478942213516, "ITER": 2, "gd": 1.1813885467871796, "pc": 0.5355569393038547, "expt": "object-tracking"}