{"h": 0.00029291154071470416, "ITER": 0, "gd": 0.9392867093268324, "pc": 0.4751616648227801, "expt": "object-tracking"}