{"h": 0.000501336898395722, "ITER": 9, "gd": 1.0020315893008278, "pc": 0.4843747645328348, "expt": "object-tracking"}