{"h": 0.004310344827586207, "ITER": 0, "gd": 1.9617788219093577, "pc": 0.8468837392350042, "expt": "regression"}