{"h": 0.0014691478942213516, "ITER": 1, "gd": 1.1777695117241254, "pc": 0.5314258150600344, "expt": "object-tracking"}