{"h": 0.0014691478942213516, "ITER": 8, "gd": 1.1730745455466913, "pc": 0.5185193887691794, "expt": "object-tracking"}