{"h": 0.002514668901927913, "ITER": 2, "gd": 1.7152419901643305, "pc": 0.6605505567273542, "expt": "regression"}