{"h": 0.002514668901927913, "ITER": 9, "gd": 1.260248016946789, "pc": 0.5646953854644561, "expt": "object-tracking"}