{"h": 0.00029291154071470416, "ITER": 8, "gd": 1.1907109656449784, "pc": 0.4013506480364907, "expt": "regression"}