{"h": 0.00017114495978093444, "ITER": 8, "gd": 0.8736828807984753, "pc": 0.4698936899329225, "expt": "object-tracking"}