{"h": 0.0008581235697940503, "ITER": 3, "gd": 1.084680291781833, "pc": 0.4975749238221573, "expt": "object-tracking"}