{"h": 0.0008581235697940503, "ITER": 0, "gd": 1.091895420245039, "pc": 0.4969455599576525, "expt": "object-tracking"}