{"h": 0.000501336898395722, "ITER": 1, "gd": 1.3141993735204416, "pc": 0.5103035946401822, "expt": "regression"}