{"h": 0.007389162561576354, "ITER": 9, "gd": 1.4148436323335183, "pc": 0.6850596262929181, "expt": "object-tracking"}