{"h": 0.0014691478942213516, "ITER": 0, "gd": 1.1767703629410025, "pc": 0.5273852060176638, "expt": "object-tracking"}