{"h": 0.012658227848101266, "ITER": 5, "gd": 2.2800844334260364, "pc": 1.0826242008036686, "expt": "regression"}