{"h": 0.012658227848101266, "ITER": 3, "gd": 1.4592854342414907, "pc": 0.7475987063086881, "expt": "object-tracking"}