{"h": 0.002514668901927913, "ITER": 2, "gd": 1.2649820969614967, "pc": 0.5611003545190885, "expt": "object-tracking"}