{"h": 0.00017114495978093444, "ITER": 5, "gd": 1.0794398358391606, "pc": 0.331082476299202, "expt": "regression"}