{"h": 0.007389162561576354, "ITER": 4, "gd": 2.032552897633025, "pc": 0.9920597298447928, "expt": "regression"}