{"h": 0.000501336898395722, "ITER": 3, "gd": 1.0076899289996446, "pc": 0.4870004503533499, "expt": "object-tracking"}