{"h": 0.00029291154071470416, "ITER": 9, "gd": 0.940691562790527, "pc": 0.4778288795496467, "expt": "object-tracking"}