{"h": 0.004310344827586207, "ITER": 3, "gd": 1.9521547404995594, "pc": 0.8440860329985428, "expt": "regression"}