{"h": 0.012658227848101266, "ITER": 5, "gd": 1.4786835579299342, "pc": 0.7410890014310533, "expt": "object-tracking"}