{"h": 0.004310344827586207, "ITER": 3, "gd": 1.3387825887097526, "pc": 0.6316240639427309, "expt": "object-tracking"}