{"h": 0.012658227848101266, "ITER": 8, "gd": 2.061773836893723, "pc": 0.9916943607908459, "expt": "regression"}