{"h": 0.00010000333344444814, "ITER": 2, "gd": 0.8252793879351352, "pc": 0.46561475100618355, "expt": "object-tracking"}