{"h": 0.002514668901927913, "ITER": 5, "gd": 1.2558302516283606, "pc": 0.5622309904545255, "expt": "object-tracking"}