{"h": 0.012658227848101266, "ITER": 6, "gd": 1.462453502619096, "pc": 0.7721823513236237, "expt": "object-tracking"}